{
  "participants": [
    {
      "finger_print": "6b271cbb23c17118f40899b0c7a2d6693c96d388c10396c3b061d3c564deccbf",
      "id": "a9f8a563-f108-4372-9183-5a96c2749822"
    },
    {
      "finger_print": "6b271cbb23c17118f40899b0c7a2d6693c96d388c10396c3b061d3c564deccbf",
      "id": "11b9053d-9661-4b26-9c7d-73c26d4b3221"
    }
  ],
  "config": {
    "name": null,
    "dataset": "mnist",
    "fork": true,
    "number_of_participants": 2,
    "number_of_good_contributors": 4,
    "number_of_bad_contributors": 1,
    "number_of_freerider_contributors": 1,
    "number_of_inactive_contributors": 0,
    "reward": 1000000000000000000,
    "minimum_rounds": 1,
    "min_buy_in": 1000000000000000000,
    "max_buy_in": 1000000000000000000,
    "standard_buy_in": 1000000000000000000,
    "epochs": 1,
    "batch_size": 32,
    "punish_factor": 3,
    "punish_factor_contrib": 3,
    "first_round_fee": 50,
    "contribution_score_strategy": "accuracy_loss",
    "use_outlier_detection": true,
    "freerider_noise_scale": 0.5,
    "freerider_start_round": 1,
    "malicious_start_round": 1,
    "malicious_noise_scale": 0.5,
    "force_merge_all": false,
    "data_percentages": [
      16.666666666666668,
      16.666666666666668,
      16.666666666666668,
      16.666666666666668,
      16.666666666666668,
      16.666666666666668
    ],
    "label_rules": {}
  },
  "rounds": {
    "0": {
      "test-setup_replay-globalmodel": [
        720.8605346679688,
        0.0395
      ]
    },
    "-1": {
      "save-setup_replay-path": "/mnt/bigSpeed/dev/MultiRepFL/experiment/data/sample/30-04-26--15_45_10/mnist-accuracy_loss-1-0.5-1-0.5-True-{89601638-23da-45f1-929e-f1597c7d4198}.csv",
      "get_task_rep_delta_and_GRS-simulate": [
        [
          "a9f8a563-f108-4372-9183-5a96c2749822",
          517436599585755940,
          1517436599585755940
        ],
        [
          "11b9053d-9661-4b26-9c7d-73c26d4b3221",
          482563400414244059,
          1482563400414244059
        ]
      ]
    },
    "1": {
      "train_user_proc-run_sequential-a9f8a563-f108-4372-9183-5a96c2749822-1": [
        "a9f8a563-f108-4372-9183-5a96c2749822",
        53.31694030761719,
        0.671
      ],
      "train_user_proc-run_sequential-11b9053d-9661-4b26-9c7d-73c26d4b3221-1": [
        "11b9053d-9661-4b26-9c7d-73c26d4b3221",
        42.642860412597656,
        0.701
      ],
      "test-finalize_paricipant_evaluation-a9f8a563-f108-4372-9183-5a96c2749822": [
        518.80224609375,
        0.6857
      ],
      "get_hash-finalize_paricipant_evaluation-a9f8a563-f108-4372-9183-5a96c2749822": "0x4b9ea72bb8898f909a39b1c0d532ef74808a9d92138ea533dc0be5996d006eae",
      "test-finalize_paricipant_evaluation-11b9053d-9661-4b26-9c7d-73c26d4b3221": [
        407.0998592376709,
        0.7173
      ],
      "get_hash-finalize_paricipant_evaluation-11b9053d-9661-4b26-9c7d-73c26d4b3221": "0xe28bc4256dbec0ffe30525ee285f04f18d5daa283b16b17507ca8ba8974885b6",
      "on_chain_hashed_weights-simulate": {
        "a9f8a563-f108-4372-9183-5a96c2749822": "4b9ea72bb8898f909a39b1c0d532ef74808a9d92138ea533dc0be5996d006eae",
        "11b9053d-9661-4b26-9c7d-73c26d4b3221": "e28bc4256dbec0ffe30525ee285f04f18d5daa283b16b17507ca8ba8974885b6"
      },
      "get_hash-verify_models-11b9053d-9661-4b26-9c7d-73c26d4b3221": "0xe28bc4256dbec0ffe30525ee285f04f18d5daa283b16b17507ca8ba8974885b6",
      "get_hash-verify_models-a9f8a563-f108-4372-9183-5a96c2749822": "0x4b9ea72bb8898f909a39b1c0d532ef74808a9d92138ea533dc0be5996d006eae",
      "test-feedback-globalmodel-a9f8a563-f108-4372-9183-5a96c2749822-11b9053d-9661-4b26-9c7d-73c26d4b3221": [
        73.6807861328125,
        0.035
      ],
      "test-feedback-usermodel-a9f8a563-f108-4372-9183-5a96c2749822-11b9053d-9661-4b26-9c7d-73c26d4b3221": [
        41.552459716796875,
        0.736
      ],
      "test-feedback-globalmodel-11b9053d-9661-4b26-9c7d-73c26d4b3221-a9f8a563-f108-4372-9183-5a96c2749822": [
        73.7099609375,
        0.042
      ],
      "test-feedback-usermodel-11b9053d-9661-4b26-9c7d-73c26d4b3221-a9f8a563-f108-4372-9183-5a96c2749822": [
        53.581260681152344,
        0.657
      ],
      "test-themerge-globalmodel": [
        669.9069519042969,
        0.5854
      ]
    }
  }
}