{
  "participants": [
    {
      "finger_print": "6b271cbb23c17118f40899b0c7a2d6693c96d388c10396c3b061d3c564deccbf",
      "id": "39c31e7f-27a3-440a-83de-a8ec1800c725"
    },
    {
      "finger_print": "6b271cbb23c17118f40899b0c7a2d6693c96d388c10396c3b061d3c564deccbf",
      "id": "7f85b373-b5e3-47ff-9ba3-5a7587ef2532"
    }
  ],
  "config": {
    "name": null,
    "dataset": "mnist",
    "fork": true,
    "number_of_participants": 2,
    "number_of_good_contributors": 4,
    "number_of_bad_contributors": 1,
    "number_of_freerider_contributors": 1,
    "number_of_inactive_contributors": 0,
    "reward": 1000000000000000000,
    "minimum_rounds": 1,
    "min_buy_in": 1000000000000000000,
    "max_buy_in": 1000000000000000000,
    "standard_buy_in": 1000000000000000000,
    "epochs": 1,
    "batch_size": 32,
    "punish_factor": 3,
    "punish_factor_contrib": 3,
    "first_round_fee": 50,
    "contribution_score_strategy": "accuracy_loss",
    "use_outlier_detection": true,
    "freerider_noise_scale": 0.5,
    "freerider_start_round": 1,
    "malicious_start_round": 1,
    "malicious_noise_scale": 0.5,
    "force_merge_all": false,
    "data_percentages": [
      16.666666666666668,
      16.666666666666668,
      16.666666666666668,
      16.666666666666668,
      16.666666666666668,
      16.666666666666668
    ],
    "label_rules": {}
  },
  "rounds": {
    "0": {
      "test-setup_replay-globalmodel": [
        2.30425,
        0.0974
      ]
    },
    "-1": {
      "save-setup_replay-path": "/mnt/bigSpeed/dev/MultiRepFL/experiment/data/sample/30-04-26--15_57_40/mnist-accuracy_loss-1-0.5-1-0.5-True-{7a7a0530-01e6-4b6e-a46b-490b5b087bf0}.csv",
      "get_task_rep_delta_and_GRS-simulate": [
        [
          "39c31e7f-27a3-440a-83de-a8ec1800c725",
          511836421507332024,
          1511836421507332024
        ],
        [
          "7f85b373-b5e3-47ff-9ba3-5a7587ef2532",
          488163578492667975,
          1488163578492667975
        ]
      ]
    },
    "1": {
      "train_user_proc-run_sequential-39c31e7f-27a3-440a-83de-a8ec1800c725-1": [
        "39c31e7f-27a3-440a-83de-a8ec1800c725",
        1.6985703125,
        0.64
      ],
      "train_user_proc-run_sequential-7f85b373-b5e3-47ff-9ba3-5a7587ef2532-1": [
        "7f85b373-b5e3-47ff-9ba3-5a7587ef2532",
        1.363953125,
        0.728
      ],
      "test-finalize_paricipant_evaluation-39c31e7f-27a3-440a-83de-a8ec1800c725": [
        1.691471875,
        0.6559
      ],
      "get_hash-finalize_paricipant_evaluation-39c31e7f-27a3-440a-83de-a8ec1800c725": "0x667ad57df81044086655447ec1e4a3828ac933cc432ba078da7d1815280baf67",
      "test-finalize_paricipant_evaluation-7f85b373-b5e3-47ff-9ba3-5a7587ef2532": [
        1.3327765625,
        0.7327
      ],
      "get_hash-finalize_paricipant_evaluation-7f85b373-b5e3-47ff-9ba3-5a7587ef2532": "0x8f7cd45af4a43d3f1878cf0b86326fddb16e6917cb3c1d1e6a11792dfd1c33d5",
      "on_chain_hashed_weights-simulate": {
        "39c31e7f-27a3-440a-83de-a8ec1800c725": "667ad57df81044086655447ec1e4a3828ac933cc432ba078da7d1815280baf67",
        "7f85b373-b5e3-47ff-9ba3-5a7587ef2532": "8f7cd45af4a43d3f1878cf0b86326fddb16e6917cb3c1d1e6a11792dfd1c33d5"
      },
      "get_hash-verify_models-7f85b373-b5e3-47ff-9ba3-5a7587ef2532": "0x8f7cd45af4a43d3f1878cf0b86326fddb16e6917cb3c1d1e6a11792dfd1c33d5",
      "get_hash-verify_models-39c31e7f-27a3-440a-83de-a8ec1800c725": "0x667ad57df81044086655447ec1e4a3828ac933cc432ba078da7d1815280baf67",
      "test-feedback-globalmodel-39c31e7f-27a3-440a-83de-a8ec1800c725-7f85b373-b5e3-47ff-9ba3-5a7587ef2532": [
        2.30565625,
        0.106
      ],
      "test-feedback-usermodel-39c31e7f-27a3-440a-83de-a8ec1800c725-7f85b373-b5e3-47ff-9ba3-5a7587ef2532": [
        1.3221171875,
        0.753
      ],
      "test-feedback-globalmodel-7f85b373-b5e3-47ff-9ba3-5a7587ef2532-39c31e7f-27a3-440a-83de-a8ec1800c725": [
        2.30371875,
        0.107
      ],
      "test-feedback-usermodel-7f85b373-b5e3-47ff-9ba3-5a7587ef2532-39c31e7f-27a3-440a-83de-a8ec1800c725": [
        1.715109375,
        0.636
      ],
      "test-themerge-globalmodel": [
        2.14400625,
        0.5929
      ]
    }
  }
}