{
  "participants": [
    {
      "finger_print": "6b271cbb23c17118f40899b0c7a2d6693c96d388c10396c3b061d3c564deccbf",
      "id": "1158313e-7503-4204-b790-70b391c0de2e"
    },
    {
      "finger_print": "6b271cbb23c17118f40899b0c7a2d6693c96d388c10396c3b061d3c564deccbf",
      "id": "da180b10-33f5-4593-8dd9-7102b2662f77"
    }
  ],
  "config": {
    "name": null,
    "dataset": "mnist",
    "fork": true,
    "number_of_participants": 2,
    "number_of_good_contributors": 4,
    "number_of_bad_contributors": 1,
    "number_of_freerider_contributors": 1,
    "number_of_inactive_contributors": 0,
    "reward": 1000000000000000000,
    "minimum_rounds": 1,
    "min_buy_in": 1000000000000000000,
    "max_buy_in": 1000000000000000000,
    "standard_buy_in": 1000000000000000000,
    "epochs": 1,
    "batch_size": 32,
    "punish_factor": 3,
    "punish_factor_contrib": 3,
    "first_round_fee": 50,
    "contribution_score_strategy": "accuracy_loss",
    "use_outlier_detection": true,
    "freerider_noise_scale": 0.5,
    "freerider_start_round": 1,
    "malicious_start_round": 1,
    "malicious_noise_scale": 0.5,
    "force_merge_all": false,
    "data_percentages": [
      16.666666666666668,
      16.666666666666668,
      16.666666666666668,
      16.666666666666668,
      16.666666666666668,
      16.666666666666668
    ],
    "label_rules": {}
  },
  "rounds": {
    "0": {
      "test-setup_replay-globalmodel": [
        2.3017625,
        0.098
      ]
    },
    "-1": {
      "save-setup_replay-path": "/mnt/bigSpeed/dev/MultiRepFL/experiment/data/sample/30-04-26--16_06_20/mnist-accuracy_loss-1-0.5-1-0.5-True-{f6c21288-1a13-4ab6-ad17-73a013db67e6}.csv",
      "get_task_rep_delta_and_GRS-simulate": [
        [
          "1158313e-7503-4204-b790-70b391c0de2e",
          528929754702226584,
          1528929754702226584
        ],
        [
          "da180b10-33f5-4593-8dd9-7102b2662f77",
          471070245297773415,
          1471070245297773415
        ]
      ]
    },
    "1": {
      "train_user_proc-run_sequential-1158313e-7503-4204-b790-70b391c0de2e-1": [
        "1158313e-7503-4204-b790-70b391c0de2e",
        1.51625,
        0.712
      ],
      "train_user_proc-run_sequential-da180b10-33f5-4593-8dd9-7102b2662f77-1": [
        "da180b10-33f5-4593-8dd9-7102b2662f77",
        1.1585625,
        0.742
      ],
      "test-finalize_paricipant_evaluation-1158313e-7503-4204-b790-70b391c0de2e": [
        1.52006875,
        0.7193
      ],
      "get_hash-finalize_paricipant_evaluation-1158313e-7503-4204-b790-70b391c0de2e": "0x90fcd990e1c8cbf634741e90bf1bf345aaf581f9a7268ae6be0a4dead4aa48b5",
      "test-finalize_paricipant_evaluation-da180b10-33f5-4593-8dd9-7102b2662f77": [
        1.1329453125,
        0.7415
      ],
      "get_hash-finalize_paricipant_evaluation-da180b10-33f5-4593-8dd9-7102b2662f77": "0xa16fd161c3f77df4ef5468ff7764684dc6df72de35c787a4a0e3e450b5eae12d",
      "on_chain_hashed_weights-simulate": {
        "1158313e-7503-4204-b790-70b391c0de2e": "90fcd990e1c8cbf634741e90bf1bf345aaf581f9a7268ae6be0a4dead4aa48b5",
        "da180b10-33f5-4593-8dd9-7102b2662f77": "a16fd161c3f77df4ef5468ff7764684dc6df72de35c787a4a0e3e450b5eae12d"
      },
      "get_hash-verify_models-da180b10-33f5-4593-8dd9-7102b2662f77": "0xa16fd161c3f77df4ef5468ff7764684dc6df72de35c787a4a0e3e450b5eae12d",
      "get_hash-verify_models-1158313e-7503-4204-b790-70b391c0de2e": "0x90fcd990e1c8cbf634741e90bf1bf345aaf581f9a7268ae6be0a4dead4aa48b5",
      "test-feedback-globalmodel-1158313e-7503-4204-b790-70b391c0de2e-da180b10-33f5-4593-8dd9-7102b2662f77": [
        2.3014375,
        0.097
      ],
      "test-feedback-usermodel-1158313e-7503-4204-b790-70b391c0de2e-da180b10-33f5-4593-8dd9-7102b2662f77": [
        1.118359375,
        0.761
      ],
      "test-feedback-globalmodel-da180b10-33f5-4593-8dd9-7102b2662f77-1158313e-7503-4204-b790-70b391c0de2e": [
        2.303828125,
        0.095
      ],
      "test-feedback-usermodel-da180b10-33f5-4593-8dd9-7102b2662f77-1158313e-7503-4204-b790-70b391c0de2e": [
        1.5478515625,
        0.695
      ],
      "test-themerge-globalmodel": [
        2.07134375,
        0.7
      ]
    }
  }
}