{
  "participants": [
    {
      "finger_print": "9401f4532c292d2f7acdd0ee511cf8bbbbfe673c04b2758a9f11c6811c3d029a",
      "id": "d979a4f5-3f9e-4302-8114-30b6673e86da"
    },
    {
      "finger_print": "9401f4532c292d2f7acdd0ee511cf8bbbbfe673c04b2758a9f11c6811c3d029a",
      "id": "32ea9b8c-954b-4340-a94b-d7b24d44e3aa"
    }
  ],
  "config": {
    "name": null,
    "dataset": "mnist",
    "fork": true,
    "number_of_participants": 2,
    "number_of_good_contributors": 4,
    "number_of_bad_contributors": 1,
    "number_of_freerider_contributors": 1,
    "number_of_inactive_contributors": 0,
    "reward": 1000000000000000000,
    "minimum_rounds": 1,
    "min_buy_in": 1000000000000000000,
    "max_buy_in": 1000000000000000000,
    "standard_buy_in": 1000000000000000000,
    "epochs": 1,
    "batch_size": 32,
    "punish_factor": 3,
    "punish_factor_contrib": 3,
    "first_round_fee": 50,
    "contribution_score_strategy": "accuracy_loss",
    "use_outlier_detection": true,
    "freerider_noise_scale": 0.5,
    "freerider_start_round": 1,
    "malicious_start_round": 1,
    "malicious_noise_scale": 0.5,
    "force_merge_all": false,
    "data_percentages": [
      16.666666666666668,
      16.666666666666668,
      16.666666666666668,
      16.666666666666668,
      16.666666666666668,
      16.666666666666668
    ],
    "label_rules": {},
    "seed": 42,
    "user_seeds": {},
    "allow_overlap": true,
    "replication_factor": 2.0,
    "partition_strategy": "global",
    "per_user_partitions": {}
  },
  "rounds": {
    "0": {
      "test-setup_replay-globalmodel": [
        720.3880186080933,
        0.1663
      ]
    },
    "1": {
      "test-finalize_paricipant_evaluation-d979a4f5-3f9e-4302-8114-30b6673e86da": [
        164.66142374277115,
        0.853
      ],
      "finalize_paricipant_evaluation-d979a4f5-3f9e-4302-8114-30b6673e86da": "0xefcf44aa58b0a7b030e66e05ac7d3475a64fd1e3dec4d939c6be28d0ee02c66c",
      "test-finalize_paricipant_evaluation-32ea9b8c-954b-4340-a94b-d7b24d44e3aa": [
        149.14579785615206,
        0.8596
      ],
      "finalize_paricipant_evaluation-32ea9b8c-954b-4340-a94b-d7b24d44e3aa": "0x72f64cc9c92b20ae7d00726a4e222e33d2b3297c3ce2f08afa3faafb0b323b50",
      "on_chain_hashed_weights-simulate": {
        "d979a4f5-3f9e-4302-8114-30b6673e86da": "0xefcf44aa58b0a7b030e66e05ac7d3475a64fd1e3dec4d939c6be28d0ee02c66c",
        "32ea9b8c-954b-4340-a94b-d7b24d44e3aa": "0x72f64cc9c92b20ae7d00726a4e222e33d2b3297c3ce2f08afa3faafb0b323b50"
      },
      "get_hash-verify_models-32ea9b8c-954b-4340-a94b-d7b24d44e3aa": "0x72f64cc9c92b20ae7d00726a4e222e33d2b3297c3ce2f08afa3faafb0b323b50",
      "get_hash-verify_models-d979a4f5-3f9e-4302-8114-30b6673e86da": "0xefcf44aa58b0a7b030e66e05ac7d3475a64fd1e3dec4d939c6be28d0ee02c66c",
      "test-feedback-globalmodel-d979a4f5-3f9e-4302-8114-30b6673e86da-32ea9b8c-954b-4340-a94b-d7b24d44e3aa": [
        133.46799039840698,
        0.1781045751633987
      ],
      "test-feedback-usermodel-d979a4f5-3f9e-4302-8114-30b6673e86da-32ea9b8c-954b-4340-a94b-d7b24d44e3aa": [
        28.223346054553986,
        0.8529411764705882
      ],
      "test-feedback-globalmodel-32ea9b8c-954b-4340-a94b-d7b24d44e3aa-d979a4f5-3f9e-4302-8114-30b6673e86da": [
        133.5136594772339,
        0.16548720740337508
      ],
      "test-feedback-usermodel-32ea9b8c-954b-4340-a94b-d7b24d44e3aa-d979a4f5-3f9e-4302-8114-30b6673e86da": [
        31.28133474290371,
        0.8475775721284703
      ],
      "test-themerge-globalmodel": [
        513.5445362329483,
        0.7571
      ]
    }
  }
}