{
  "participants": [
    {
      "finger_print": "6b271cbb23c17118f40899b0c7a2d6693c96d388c10396c3b061d3c564deccbf",
      "id": "0e4cda7f-1323-4511-b723-e69a951b2898"
    },
    {
      "finger_print": "6b271cbb23c17118f40899b0c7a2d6693c96d388c10396c3b061d3c564deccbf",
      "id": "247b2931-5581-47b5-a812-6148654551e1"
    }
  ],
  "config": {
    "name": null,
    "dataset": "mnist",
    "fork": true,
    "number_of_participants": 2,
    "number_of_good_contributors": 4,
    "number_of_bad_contributors": 1,
    "number_of_freerider_contributors": 1,
    "number_of_inactive_contributors": 0,
    "reward": 1000000000000000000,
    "minimum_rounds": 1,
    "min_buy_in": 1000000000000000000,
    "max_buy_in": 1000000000000000000,
    "standard_buy_in": 1000000000000000000,
    "epochs": 1,
    "batch_size": 32,
    "punish_factor": 3,
    "punish_factor_contrib": 3,
    "first_round_fee": 50,
    "contribution_score_strategy": "accuracy_loss",
    "use_outlier_detection": true,
    "freerider_noise_scale": 0.5,
    "freerider_start_round": 1,
    "malicious_start_round": 1,
    "malicious_noise_scale": 0.5,
    "force_merge_all": false,
    "data_percentages": [
      16.666666666666668,
      16.666666666666668,
      16.666666666666668,
      16.666666666666668,
      16.666666666666668,
      16.666666666666668
    ],
    "label_rules": {},
    "seed": 42,
    "user_seeds": {},
    "allow_overlap": false,
    "replication_factor": 1.0
  },
  "rounds": {
    "0": {
      "test-setup_replay-globalmodel": [
        720.9025988578796,
        0.1023
      ]
    },
    "1": {
      "train_user_proc-run_sequential-0e4cda7f-1323-4511-b723-e69a951b2898-1": [
        "0e4cda7f-1323-4511-b723-e69a951b2898",
        55.457229137420654,
        0.639
      ],
      "train_user_proc-run_sequential-247b2931-5581-47b5-a812-6148654551e1-1": [
        "247b2931-5581-47b5-a812-6148654551e1",
        53.48907494544983,
        0.668
      ],
      "test-finalize_paricipant_evaluation-0e4cda7f-1323-4511-b723-e69a951b2898": [
        538.6171202659607,
        0.6645
      ],
      "finalize_paricipant_evaluation-0e4cda7f-1323-4511-b723-e69a951b2898": "0xf44dd5b0c9e502703e99618ed2b01041fd4af7cb41ff02998c831e6132a673cf",
      "test-finalize_paricipant_evaluation-247b2931-5581-47b5-a812-6148654551e1": [
        515.2882590293884,
        0.6827
      ],
      "finalize_paricipant_evaluation-247b2931-5581-47b5-a812-6148654551e1": "0xf7fa6bd72ffe89c452a526c3b5cbfb1fc281eabb40c1d205db320739be079958",
      "on_chain_hashed_weights-simulate": {
        "0e4cda7f-1323-4511-b723-e69a951b2898": "0xf44dd5b0c9e502703e99618ed2b01041fd4af7cb41ff02998c831e6132a673cf",
        "247b2931-5581-47b5-a812-6148654551e1": "0xf7fa6bd72ffe89c452a526c3b5cbfb1fc281eabb40c1d205db320739be079958"
      },
      "get_hash-verify_models-247b2931-5581-47b5-a812-6148654551e1": "0xf7fa6bd72ffe89c452a526c3b5cbfb1fc281eabb40c1d205db320739be079958",
      "get_hash-verify_models-0e4cda7f-1323-4511-b723-e69a951b2898": "0xf44dd5b0c9e502703e99618ed2b01041fd4af7cb41ff02998c831e6132a673cf",
      "test-feedback-globalmodel-0e4cda7f-1323-4511-b723-e69a951b2898-247b2931-5581-47b5-a812-6148654551e1": [
        73.67607474327087,
        0.119
      ],
      "test-feedback-usermodel-0e4cda7f-1323-4511-b723-e69a951b2898-247b2931-5581-47b5-a812-6148654551e1": [
        53.21876013278961,
        0.675
      ],
      "test-feedback-globalmodel-247b2931-5581-47b5-a812-6148654551e1-0e4cda7f-1323-4511-b723-e69a951b2898": [
        73.72580575942993,
        0.093
      ],
      "test-feedback-usermodel-247b2931-5581-47b5-a812-6148654551e1-0e4cda7f-1323-4511-b723-e69a951b2898": [
        55.94462811946869,
        0.633
      ],
      "test-themerge-globalmodel": [
        691.7429025173187,
        0.6185
      ]
    }
  }
}