{
  "participants": [
    {
      "finger_print": "6b271cbb23c17118f40899b0c7a2d6693c96d388c10396c3b061d3c564deccbf",
      "id": "29e1962e-7417-4c2b-aaed-1951f2755615"
    },
    {
      "finger_print": "6b271cbb23c17118f40899b0c7a2d6693c96d388c10396c3b061d3c564deccbf",
      "id": "4495aae0-af67-404f-840e-6fb839dc893b"
    }
  ],
  "config": {
    "name": null,
    "dataset": "mnist",
    "fork": true,
    "number_of_participants": 2,
    "number_of_good_contributors": 4,
    "number_of_bad_contributors": 1,
    "number_of_freerider_contributors": 1,
    "number_of_inactive_contributors": 0,
    "reward": 1000000000000000000,
    "minimum_rounds": 1,
    "min_buy_in": 1000000000000000000,
    "max_buy_in": 1000000000000000000,
    "standard_buy_in": 1000000000000000000,
    "epochs": 1,
    "batch_size": 32,
    "punish_factor": 3,
    "punish_factor_contrib": 3,
    "first_round_fee": 50,
    "contribution_score_strategy": "accuracy_loss",
    "use_outlier_detection": true,
    "freerider_noise_scale": 0.5,
    "freerider_start_round": 1,
    "malicious_start_round": 1,
    "malicious_noise_scale": 0.5,
    "force_merge_all": false,
    "data_percentages": [
      16.666666666666668,
      16.666666666666668,
      16.666666666666668,
      16.666666666666668,
      16.666666666666668,
      16.666666666666668
    ],
    "label_rules": {}
  },
  "rounds": {
    "0": {
      "test-setup_replay-globalmodel": [
        2.2993523559570312,
        0.1299
      ]
    },
    "-1": {
      "save-setup_replay-path": "/mnt/bigSpeed/dev/MultiRepFL/experiment/data/sample/30-04-26--16_11_13/mnist-accuracy_loss-1-0.5-1-0.5-True-{affd5267-b41b-45b1-a1b2-43ed1e7af3c7}.csv",
      "get_task_rep_delta_and_GRS-simulate": [
        [
          "29e1962e-7417-4c2b-aaed-1951f2755615",
          532181777669745614,
          1532181777669745614
        ],
        [
          "4495aae0-af67-404f-840e-6fb839dc893b",
          467818222330254385,
          1467818222330254385
        ]
      ]
    },
    "1": {
      "train_user_proc-run_sequential-29e1962e-7417-4c2b-aaed-1951f2755615-1": [
        "29e1962e-7417-4c2b-aaed-1951f2755615",
        1.5846577682495118,
        0.683
      ],
      "train_user_proc-run_sequential-4495aae0-af67-404f-840e-6fb839dc893b-1": [
        "4495aae0-af67-404f-840e-6fb839dc893b",
        1.152027599811554,
        0.743
      ],
      "test-finalize_paricipant_evaluation-29e1962e-7417-4c2b-aaed-1951f2755615": [
        1.5824375896453857,
        0.6994
      ],
      "get_hash-finalize_paricipant_evaluation-29e1962e-7417-4c2b-aaed-1951f2755615": "0xd3d60e08e5deb202519fe1dfdda73a50659624a588a742e576a875325a8b1954",
      "test-finalize_paricipant_evaluation-4495aae0-af67-404f-840e-6fb839dc893b": [
        1.1192328897476196,
        0.7511
      ],
      "get_hash-finalize_paricipant_evaluation-4495aae0-af67-404f-840e-6fb839dc893b": "0x31d8a2dc586ab11d2711acb740f744f895ef368b44f6d843c2d8a15d72dfd9f5",
      "on_chain_hashed_weights-simulate": {
        "29e1962e-7417-4c2b-aaed-1951f2755615": "d3d60e08e5deb202519fe1dfdda73a50659624a588a742e576a875325a8b1954",
        "4495aae0-af67-404f-840e-6fb839dc893b": "31d8a2dc586ab11d2711acb740f744f895ef368b44f6d843c2d8a15d72dfd9f5"
      },
      "get_hash-verify_models-4495aae0-af67-404f-840e-6fb839dc893b": "0x31d8a2dc586ab11d2711acb740f744f895ef368b44f6d843c2d8a15d72dfd9f5",
      "get_hash-verify_models-29e1962e-7417-4c2b-aaed-1951f2755615": "0xd3d60e08e5deb202519fe1dfdda73a50659624a588a742e576a875325a8b1954",
      "test-feedback-globalmodel-29e1962e-7417-4c2b-aaed-1951f2755615-4495aae0-af67-404f-840e-6fb839dc893b": [
        2.2985090732574465,
        0.152
      ],
      "test-feedback-usermodel-29e1962e-7417-4c2b-aaed-1951f2755615-4495aae0-af67-404f-840e-6fb839dc893b": [
        1.1053516597747803,
        0.766
      ],
      "test-feedback-globalmodel-4495aae0-af67-404f-840e-6fb839dc893b-29e1962e-7417-4c2b-aaed-1951f2755615": [
        2.298714584350586,
        0.132
      ],
      "test-feedback-usermodel-4495aae0-af67-404f-840e-6fb839dc893b-29e1962e-7417-4c2b-aaed-1951f2755615": [
        1.6106814804077147,
        0.686
      ],
      "test-themerge-globalmodel": [
        2.1226856578826903,
        0.6088
      ]
    }
  }
}