{
  "participants": [
    {
      "finger_print": "6b271cbb23c17118f40899b0c7a2d6693c96d388c10396c3b061d3c564deccbf",
      "id": "5f43d3d1-ba95-4c6f-83ae-245061a2828e"
    },
    {
      "finger_print": "6b271cbb23c17118f40899b0c7a2d6693c96d388c10396c3b061d3c564deccbf",
      "id": "1781bc12-ec29-49b6-bbb4-cf20c4bba392"
    }
  ],
  "config": {
    "name": null,
    "dataset": "mnist",
    "fork": true,
    "number_of_participants": 2,
    "number_of_good_contributors": 4,
    "number_of_bad_contributors": 1,
    "number_of_freerider_contributors": 1,
    "number_of_inactive_contributors": 0,
    "reward": 1000000000000000000,
    "minimum_rounds": 3,
    "min_buy_in": 1000000000000000000,
    "max_buy_in": 1000000000000000000,
    "standard_buy_in": 1000000000000000000,
    "epochs": 1,
    "batch_size": 32,
    "punish_factor": 3,
    "punish_factor_contrib": 3,
    "first_round_fee": 50,
    "contribution_score_strategy": "accuracy_loss",
    "use_outlier_detection": true,
    "freerider_noise_scale": 0.5,
    "freerider_start_round": 1,
    "malicious_start_round": 1,
    "malicious_noise_scale": 0.5,
    "force_merge_all": false,
    "data_percentages": [
      16.666666666666668,
      16.666666666666668,
      16.666666666666668,
      16.666666666666668,
      16.666666666666668,
      16.666666666666668
    ],
    "label_rules": {}
  },
  "rounds": {
    "0": {
      "test-setup_replay-globalmodel": [
        2.304546875,
        0.1084
      ]
    },
    "-1": {
      "save-setup_replay-path": "/mnt/bigSpeed/dev/MultiRepFL/experiment/data/sample/30-04-26--16_21_50/mnist-accuracy_loss-1-0.5-1-0.5-True-{f0cecccc-49af-4929-a27e-774971bdca90}.csv",
      "get_task_rep_delta_and_GRS-simulate": [
        [
          "5f43d3d1-ba95-4c6f-83ae-245061a2828e",
          490935350695629896,
          1490935350695629896
        ],
        [
          "1781bc12-ec29-49b6-bbb4-cf20c4bba392",
          509064649304370100,
          1509064649304370100
        ]
      ]
    },
    "1": {
      "train_user_proc-run_sequential-5f43d3d1-ba95-4c6f-83ae-245061a2828e-1": [
        "5f43d3d1-ba95-4c6f-83ae-245061a2828e",
        1.033140625,
        0.772
      ],
      "train_user_proc-run_sequential-1781bc12-ec29-49b6-bbb4-cf20c4bba392-1": [
        "1781bc12-ec29-49b6-bbb4-cf20c4bba392",
        1.499390625,
        0.731
      ],
      "test-finalize_paricipant_evaluation-5f43d3d1-ba95-4c6f-83ae-245061a2828e": [
        1.03120546875,
        0.7663
      ],
      "get_hash-finalize_paricipant_evaluation-5f43d3d1-ba95-4c6f-83ae-245061a2828e": "0x6287ad6d1346888e400b61fb29bbb19235e0e1bfbfa38390983508bc323428b3",
      "test-finalize_paricipant_evaluation-1781bc12-ec29-49b6-bbb4-cf20c4bba392": [
        1.4726859375,
        0.7404
      ],
      "get_hash-finalize_paricipant_evaluation-1781bc12-ec29-49b6-bbb4-cf20c4bba392": "0x43888ca5dca879e6ecc89b47e488cb10000733c4c0ff99ff7f7b73bc342e8a09",
      "on_chain_hashed_weights-simulate": {
        "5f43d3d1-ba95-4c6f-83ae-245061a2828e": "6287ad6d1346888e400b61fb29bbb19235e0e1bfbfa38390983508bc323428b3",
        "1781bc12-ec29-49b6-bbb4-cf20c4bba392": "43888ca5dca879e6ecc89b47e488cb10000733c4c0ff99ff7f7b73bc342e8a09"
      },
      "get_hash-verify_models-1781bc12-ec29-49b6-bbb4-cf20c4bba392": "0x43888ca5dca879e6ecc89b47e488cb10000733c4c0ff99ff7f7b73bc342e8a09",
      "get_hash-verify_models-5f43d3d1-ba95-4c6f-83ae-245061a2828e": "0x6287ad6d1346888e400b61fb29bbb19235e0e1bfbfa38390983508bc323428b3",
      "test-feedback-globalmodel-5f43d3d1-ba95-4c6f-83ae-245061a2828e-1781bc12-ec29-49b6-bbb4-cf20c4bba392": [
        2.305890625,
        0.099
      ],
      "test-feedback-usermodel-5f43d3d1-ba95-4c6f-83ae-245061a2828e-1781bc12-ec29-49b6-bbb4-cf20c4bba392": [
        1.462671875,
        0.745
      ],
      "test-feedback-globalmodel-1781bc12-ec29-49b6-bbb4-cf20c4bba392-5f43d3d1-ba95-4c6f-83ae-245061a2828e": [
        2.302578125,
        0.106
      ],
      "test-feedback-usermodel-1781bc12-ec29-49b6-bbb4-cf20c4bba392-5f43d3d1-ba95-4c6f-83ae-245061a2828e": [
        1.07105859375,
        0.753
      ],
      "test-themerge-globalmodel": [
        2.069928125,
        0.6266
      ]
    },
    "2": {
      "train_user_proc-run_sequential-5f43d3d1-ba95-4c6f-83ae-245061a2828e-2": [
        "5f43d3d1-ba95-4c6f-83ae-245061a2828e",
        0.54916796875,
        0.828
      ],
      "train_user_proc-run_sequential-1781bc12-ec29-49b6-bbb4-cf20c4bba392-2": [
        "1781bc12-ec29-49b6-bbb4-cf20c4bba392",
        0.597365234375,
        0.828
      ],
      "test-finalize_paricipant_evaluation-5f43d3d1-ba95-4c6f-83ae-245061a2828e": [
        0.568912890625,
        0.8214
      ],
      "get_hash-finalize_paricipant_evaluation-5f43d3d1-ba95-4c6f-83ae-245061a2828e": "0x86ca42b7c4958a1b2e7575637e4723ef80dd9f4744e05ab90a54222bf736331f",
      "test-finalize_paricipant_evaluation-1781bc12-ec29-49b6-bbb4-cf20c4bba392": [
        0.588168359375,
        0.8359
      ],
      "get_hash-finalize_paricipant_evaluation-1781bc12-ec29-49b6-bbb4-cf20c4bba392": "0xf9326e2f1ebc0e01b727cef2a2f887fe4375adb3f2b98c3598be619611e0ebb3",
      "on_chain_hashed_weights-simulate": {
        "5f43d3d1-ba95-4c6f-83ae-245061a2828e": "86ca42b7c4958a1b2e7575637e4723ef80dd9f4744e05ab90a54222bf736331f",
        "1781bc12-ec29-49b6-bbb4-cf20c4bba392": "f9326e2f1ebc0e01b727cef2a2f887fe4375adb3f2b98c3598be619611e0ebb3"
      },
      "get_hash-verify_models-1781bc12-ec29-49b6-bbb4-cf20c4bba392": "0xf9326e2f1ebc0e01b727cef2a2f887fe4375adb3f2b98c3598be619611e0ebb3",
      "get_hash-verify_models-5f43d3d1-ba95-4c6f-83ae-245061a2828e": "0x86ca42b7c4958a1b2e7575637e4723ef80dd9f4744e05ab90a54222bf736331f",
      "test-feedback-globalmodel-5f43d3d1-ba95-4c6f-83ae-245061a2828e-1781bc12-ec29-49b6-bbb4-cf20c4bba392": [
        2.06734375,
        0.631
      ],
      "test-feedback-usermodel-5f43d3d1-ba95-4c6f-83ae-245061a2828e-1781bc12-ec29-49b6-bbb4-cf20c4bba392": [
        0.55321875,
        0.848
      ],
      "test-feedback-globalmodel-1781bc12-ec29-49b6-bbb4-cf20c4bba392-5f43d3d1-ba95-4c6f-83ae-245061a2828e": [
        2.0754375,
        0.611
      ],
      "test-feedback-usermodel-1781bc12-ec29-49b6-bbb4-cf20c4bba392-5f43d3d1-ba95-4c6f-83ae-245061a2828e": [
        0.59382421875,
        0.813
      ],
      "test-themerge-globalmodel": [
        0.529228125,
        0.8502
      ]
    },
    "3": {
      "train_user_proc-run_sequential-5f43d3d1-ba95-4c6f-83ae-245061a2828e-3": [
        "5f43d3d1-ba95-4c6f-83ae-245061a2828e",
        0.37674609375,
        0.883
      ],
      "train_user_proc-run_sequential-1781bc12-ec29-49b6-bbb4-cf20c4bba392-3": [
        "1781bc12-ec29-49b6-bbb4-cf20c4bba392",
        0.39769921875,
        0.88
      ],
      "test-finalize_paricipant_evaluation-5f43d3d1-ba95-4c6f-83ae-245061a2828e": [
        0.3976775390625,
        0.8788
      ],
      "get_hash-finalize_paricipant_evaluation-5f43d3d1-ba95-4c6f-83ae-245061a2828e": "0xcf9512508492bbfa3a6d4c087b46eb4c224d96ebaac742fa93bbc5d556843d31",
      "test-finalize_paricipant_evaluation-1781bc12-ec29-49b6-bbb4-cf20c4bba392": [
        0.40153916015625,
        0.8834
      ],
      "get_hash-finalize_paricipant_evaluation-1781bc12-ec29-49b6-bbb4-cf20c4bba392": "0xaf869be4b51c0981a8ac5fd97358b74db38faf1e70f3a405cac8c883371b3c04",
      "on_chain_hashed_weights-simulate": {
        "5f43d3d1-ba95-4c6f-83ae-245061a2828e": "cf9512508492bbfa3a6d4c087b46eb4c224d96ebaac742fa93bbc5d556843d31",
        "1781bc12-ec29-49b6-bbb4-cf20c4bba392": "af869be4b51c0981a8ac5fd97358b74db38faf1e70f3a405cac8c883371b3c04"
      },
      "get_hash-verify_models-1781bc12-ec29-49b6-bbb4-cf20c4bba392": "0xaf869be4b51c0981a8ac5fd97358b74db38faf1e70f3a405cac8c883371b3c04",