{
  "participants": [
    {
      "finger_print": "6b271cbb23c17118f40899b0c7a2d6693c96d388c10396c3b061d3c564deccbf",
      "id": "c84e52c7-28a4-4b08-8a72-4ac43f2996b0"
    },
    {
      "finger_print": "6b271cbb23c17118f40899b0c7a2d6693c96d388c10396c3b061d3c564deccbf",
      "id": "da20584b-1e0e-46b8-a985-96b2f3a4a522"
    }
  ],
  "config": {
    "name": null,
    "dataset": "mnist",
    "fork": true,
    "number_of_participants": 2,
    "number_of_good_contributors": 4,
    "number_of_bad_contributors": 1,
    "number_of_freerider_contributors": 1,
    "number_of_inactive_contributors": 0,
    "reward": 1000000000000000000,
    "minimum_rounds": 3,
    "min_buy_in": 1000000000000000000,
    "max_buy_in": 1000000000000000000,
    "standard_buy_in": 1000000000000000000,
    "epochs": 1,
    "batch_size": 32,
    "punish_factor": 3,
    "punish_factor_contrib": 3,
    "first_round_fee": 50,
    "contribution_score_strategy": "accuracy_loss",
    "use_outlier_detection": true,
    "freerider_noise_scale": 0.5,
    "freerider_start_round": 1,
    "malicious_start_round": 1,
    "malicious_noise_scale": 0.5,
    "force_merge_all": false,
    "data_percentages": [
      16.666666666666668,
      16.666666666666668,
      16.666666666666668,
      16.666666666666668,
      16.666666666666668,
      16.666666666666668
    ],
    "label_rules": {}
  },
  "rounds": {
    "0": {
      "test-setup_replay-globalmodel": [
        2.303846875,
        0.0965
      ]
    },
    "-1": {
      "save-setup_replay-path": "/mnt/bigSpeed/dev/MultiRepFL/experiment/data/sample/30-04-26--16_25_30/mnist-accuracy_loss-1-0.5-1-0.5-True-{8b65c038-a32b-4323-a0b4-ca15bdaa6ad9}.csv",
      "get_task_rep_delta_and_GRS-simulate": [
        [
          "c84e52c7-28a4-4b08-8a72-4ac43f2996b0",
          506516654249923803,
          1506516654249923803
        ],
        [
          "da20584b-1e0e-46b8-a985-96b2f3a4a522",
          493483345750076193,
          1493483345750076193
        ]
      ]
    },
    "1": {
      "train_user_proc-run_sequential-c84e52c7-28a4-4b08-8a72-4ac43f2996b0-1": [
        "c84e52c7-28a4-4b08-8a72-4ac43f2996b0",
        1.9393046875,
        0.644
      ],
      "train_user_proc-run_sequential-da20584b-1e0e-46b8-a985-96b2f3a4a522-1": [
        "da20584b-1e0e-46b8-a985-96b2f3a4a522",
        1.5045703125,
        0.682
      ],
      "test-finalize_paricipant_evaluation-c84e52c7-28a4-4b08-8a72-4ac43f2996b0": [
        1.9428671875,
        0.637
      ],
      "get_hash-finalize_paricipant_evaluation-c84e52c7-28a4-4b08-8a72-4ac43f2996b0": "0xc0c1a5be78b548f7c941b0d19a3fbed19d9252a12638306b79049a0d8c2e2a03",
      "test-finalize_paricipant_evaluation-da20584b-1e0e-46b8-a985-96b2f3a4a522": [
        1.4732015625,
        0.7035
      ],
      "get_hash-finalize_paricipant_evaluation-da20584b-1e0e-46b8-a985-96b2f3a4a522": "0x3fe93ff5614c8a03b63cc740fc751793fc08f59bcf2ebb3608a576a39a822c8d",
      "on_chain_hashed_weights-simulate": {
        "c84e52c7-28a4-4b08-8a72-4ac43f2996b0": "c0c1a5be78b548f7c941b0d19a3fbed19d9252a12638306b79049a0d8c2e2a03",
        "da20584b-1e0e-46b8-a985-96b2f3a4a522": "3fe93ff5614c8a03b63cc740fc751793fc08f59bcf2ebb3608a576a39a822c8d"
      },
      "get_hash-verify_models-da20584b-1e0e-46b8-a985-96b2f3a4a522": "0x3fe93ff5614c8a03b63cc740fc751793fc08f59bcf2ebb3608a576a39a822c8d",
      "get_hash-verify_models-c84e52c7-28a4-4b08-8a72-4ac43f2996b0": "0xc0c1a5be78b548f7c941b0d19a3fbed19d9252a12638306b79049a0d8c2e2a03",
      "test-feedback-globalmodel-c84e52c7-28a4-4b08-8a72-4ac43f2996b0-da20584b-1e0e-46b8-a985-96b2f3a4a522": [
        2.30440625,
        0.102
      ],
      "test-feedback-usermodel-c84e52c7-28a4-4b08-8a72-4ac43f2996b0-da20584b-1e0e-46b8-a985-96b2f3a4a522": [
        1.466515625,
        0.724
      ],
      "test-feedback-globalmodel-da20584b-1e0e-46b8-a985-96b2f3a4a522-c84e52c7-28a4-4b08-8a72-4ac43f2996b0": [
        2.30259375,
        0.107
      ],
      "test-feedback-usermodel-da20584b-1e0e-46b8-a985-96b2f3a4a522-c84e52c7-28a4-4b08-8a72-4ac43f2996b0": [
        1.9557265625,
        0.604
      ],
      "test-themerge-globalmodel": [
        2.220071875,
        0.4934
      ]
    },
    "2": {
      "train_user_proc-run_sequential-c84e52c7-28a4-4b08-8a72-4ac43f2996b0-2": [
        "c84e52c7-28a4-4b08-8a72-4ac43f2996b0",
        0.689078125,
        0.775
      ],
      "train_user_proc-run_sequential-da20584b-1e0e-46b8-a985-96b2f3a4a522-2": [
        "da20584b-1e0e-46b8-a985-96b2f3a4a522",
        0.7417265625,
        0.779
      ],
      "test-finalize_paricipant_evaluation-c84e52c7-28a4-4b08-8a72-4ac43f2996b0": [
        0.69514140625,
        0.7768
      ],
      "get_hash-finalize_paricipant_evaluation-c84e52c7-28a4-4b08-8a72-4ac43f2996b0": "0x15efb6852bd9189e37fed60480f3d7b86ade23fb81c7230b0d1163a0c45534fb",
      "test-finalize_paricipant_evaluation-da20584b-1e0e-46b8-a985-96b2f3a4a522": [
        0.7198375,
        0.7788
      ],
      "get_hash-finalize_paricipant_evaluation-da20584b-1e0e-46b8-a985-96b2f3a4a522": "0x6fbf7ca74b8727e93aeada7d25a0cccafe8d457aa113a43e5cee12cff97b99e4",
      "on_chain_hashed_weights-simulate": {
        "c84e52c7-28a4-4b08-8a72-4ac43f2996b0": "15efb6852bd9189e37fed60480f3d7b86ade23fb81c7230b0d1163a0c45534fb",
        "da20584b-1e0e-46b8-a985-96b2f3a4a522": "6fbf7ca74b8727e93aeada7d25a0cccafe8d457aa113a43e5cee12cff97b99e4"
      },
      "get_hash-verify_models-da20584b-1e0e-46b8-a985-96b2f3a4a522": "0x6fbf7ca74b8727e93aeada7d25a0cccafe8d457aa113a43e5cee12cff97b99e4",
      "get_hash-verify_models-c84e52c7-28a4-4b08-8a72-4ac43f2996b0": "0x15efb6852bd9189e37fed60480f3d7b86ade23fb81c7230b0d1163a0c45534fb",
      "test-feedback-globalmodel-c84e52c7-28a4-4b08-8a72-4ac43f2996b0-da20584b-1e0e-46b8-a985-96b2f3a4a522": [
        2.21925,
        0.467
      ],
      "test-feedback-usermodel-c84e52c7-28a4-4b08-8a72-4ac43f2996b0-da20584b-1e0e-46b8-a985-96b2f3a4a522": [
        0.6904375,
        0.79
      ],
      "test-feedback-globalmodel-da20584b-1e0e-46b8-a985-96b2f3a4a522-c84e52c7-28a4-4b08-8a72-4ac43f2996b0": [
        2.22296875,
        0.454
      ],
      "test-feedback-usermodel-da20584b-1e0e-46b8-a985-96b2f3a4a522-c84e52c7-28a4-4b08-8a72-4ac43f2996b0": [
        0.734736328125,
        0.759
      ],
      "test-themerge-globalmodel": [
        0.66193671875,
        0.8026
      ]
    },
    "3": {
      "train_user_proc-run_sequential-c84e52c7-28a4-4b08-8a72-4ac43f2996b0-3": [
        "c84e52c7-28a4-4b08-8a72-4ac43f2996b0",
        0.4042421875,
        0.877
      ],
      "train_user_proc-run_sequential-da20584b-1e0e-46b8-a985-96b2f3a4a522-3": [
        "da20584b-1e0e-46b8-a985-96b2f3a4a522",
        0.4494111328125,
        0.865
      ],
      "test-finalize_paricipant_evaluation-c84e52c7-28a4-4b08-8a72-4ac43f2996b0": [
        0.422421875,
        0.8698
      ],
      "get_hash-finalize_paricipant_evaluation-c84e52c7-28a4-4b08-8a72-4ac43f2996b0": "0x655fef69c2ede2fbf12220e3fab93a4b384fb1dd000fd52ea107e8bbd8db9f53",
      "test-finalize_paricipant_evaluation-da20584b-1e0e-46b8-a985-96b2f3a4a522": [
        0.4532986328125,
        0.8677
      ],
      "get_hash-finalize_paricipant_evaluation-da20584b-1e0e-46b8-a985-96b2f3a4a522": "0x6196ffcda9b6ab44981ca2bfe1948f0d29ef9107daed3f5fa88b23b694cecf76",
      "on_chain_hashed_weights-simulate": {
        "c84e52c7-28a4-4b08-8a72-4ac43f2996b0": "655fef69c2ede2fbf12220e3fab93a4b384fb1dd000fd52ea107e8bbd8db9f53",
        "da20584b-1e0e-46b8-a985-96b2f3a4a522": "6196ffcda9b6ab44981ca2bfe1948f0d29ef9107daed3f5fa88b23b694cecf76"
      },
      "get_hash-verify_models-da20584b-1e0e-46b8-a985-96b2f3a4a522": "0x6196ffcda9b6ab44981ca2bfe1948f0d29ef9107daed3f5fa88b23b694cecf76",